{ "frames": {
   "d4 0.aseprite": {
    "frame": { "x": 0, "y": 0, "w": 128, "h": 128 },
    "rotated": false,
    "trimmed": false,
    "spriteSourceSize": { "x": 0, "y": 0, "w": 128, "h": 128 },
    "sourceSize": { "w": 128, "h": 128 },
    "duration": 100
   },
   "d4 1.aseprite": {
    "frame": { "x": 128, "y": 0, "w": 128, "h": 128 },
    "rotated": false,
    "trimmed": false,
    "spriteSourceSize": { "x": 0, "y": 0, "w": 128, "h": 128 },
    "sourceSize": { "w": 128, "h": 128 },
    "duration": 100
   },
   "d4 2.aseprite": {
    "frame": { "x": 256, "y": 0, "w": 128, "h": 128 },
    "rotated": false,
    "trimmed": false,
    "spriteSourceSize": { "x": 0, "y": 0, "w": 128, "h": 128 },
    "sourceSize": { "w": 128, "h": 128 },
    "duration": 100
   },
   "d4 3.aseprite": {
    "frame": { "x": 384, "y": 0, "w": 128, "h": 128 },
    "rotated": false,
    "trimmed": false,
    "spriteSourceSize": { "x": 0, "y": 0, "w": 128, "h": 128 },
    "sourceSize": { "w": 128, "h": 128 },
    "duration": 100
   }
 },
 "meta": {
  "app": "http://www.aseprite.org/",
  "version": "1.2.25",
  "image": "d4.png",
  "format": "RGBA8888",
  "size": { "w": 512, "h": 128 },
  "scale": "1",
  "frameTags": [
  ],
  "layers": [
   { "name": "Layer 1", "opacity": 255, "blendMode": "normal" },
   { "name": "Layer 2", "opacity": 255, "blendMode": "normal" }
  ],
  "slices": [
  ]
 }
}
